Model,MAE,RMSE,R2,Accuracy,Precision,Recall,F1,ROC_AUC
W3 OLS,25.694745319939628,42.4752180578492,0.8330654703543544,,,,,
W3 Gradient Descent,,,,,,,,
W4 Lasso - 11 Features,25.68842281446277,42.45993714567725,0.8331855616990836,,,,,
W4 Engineered Ridge - 16 Features,22.13495917561541,40.727729497742814,0.8451556883687324,,,,,
W4 Engineered Lasso - 16 Features,22.128464648716374,40.71532725756253,0.8452499791120883,,,,,
W5 Tuned Ridge - 1SE,22.134195731661727,40.7132736167315,0.8452655895943377,,,,,
W5 Tuned Lasso - 1SE,21.903788861007754,40.38236129651313,0.8477706907747604,,,,,
W4 Logistic Regression,,,,0.9690896739130435,0.7063197026022305,0.9405940594059405,0.8067940552016986,0.9912354291592546
W5 Tuned Logistic - 1SE,,,,0.9663633221979034,0.6897404202719407,0.9315525876460768,0.7926136363636364,0.9896296681882161
