Feature,Mean,Std,Min,Median,Max
PM2.5,78.37419124925758,68.77920646298978,1.72,57.66,949.99
PM10,140.6716798231765,98.31373720642343,0.02,111.85,917.08
NO,18.66342744285437,23.50938740666357,0.06,10.43,287.14
NO2,32.094206677882745,25.109492667706967,0.01,25.6,266.46
NOx,33.839434611602755,32.46379724983059,0.0,24.94,293.1
NH3,27.834947216890598,30.469125899838325,0.02,19.884999999999998,352.89
CO,2.732769001683284,7.893568388350936,0.0,1.01,175.81
SO2,14.708702144454676,17.83050559649235,0.26,8.89,171.32
O3,36.412293451047574,22.898875964764986,0.1,32.26,257.73
Benzene,2.669005360333532,6.9053919217523285,0.0,1.22,391.88
Toluene,8.960381372942594,15.116434791645128,0.0,3.57,411.52
Xylene,4.021089453532893,6.288343508988344,0.0,1.47,125.18
AQI_Current,189.23275243130345,151.90392903301662,13.0,136.0,2049.0
AQI_Lag1,189.26880276285496,152.40437710887298,13.0,136.0,2049.0
AQI_3Day_Mean,189.26283363178987,144.03151835381522,14.5,137.33333333333334,1613.3333333333333
DayOfWeek,2.992900997697621,1.9967388188005262,0.0,3.0,6.0
Month,6.261959580455359,3.4984304906009878,1.0,6.0,12.0
