Feature,Coefficient,Absolute_Coefficient
CO,54.114640228973926,54.114640228973926
AQI_3Day_Mean,50.19126964560372,50.19126964560372
PM2.5,43.075685784906774,43.075685784906774
AQI_Current,26.275007459111478,26.275007459111478
AQI_Lag1,-19.32073206892788,19.32073206892788
PM10,14.597701740362579,14.597701740362579
SO2,8.320678007537312,8.320678007537312
NO2,5.617037893809975,5.617037893809975
O3,4.108481795309477,4.108481795309477
NOx,3.1252294830947105,3.1252294830947105
NO,-3.0894554583799922,3.0894554583799922
NH3,-1.4861857770072167,1.4861857770072167
Toluene,-1.455704940229608,1.455704940229608
Benzene,-1.1367518767336156,1.1367518767336156
DayOfWeek,-0.9032476040686954,0.9032476040686954
Month,0.6200336095792834,0.6200336095792834
